experiment,year,tas,rsdt,rsut,rlut,N
piControl,1,286.66065834,340.222631139,100.437909441,238.992082456,0.792639242382
piControl,2,286.711644058,340.222631139,100.799787558,239.037508311,0.385335269813
piControl,3,286.679773102,340.238588494,100.640708967,238.939560886,0.65831864166
piControl,4,286.724527069,340.222631139,100.870411185,238.944335286,0.407884667975
piControl,5,286.788879388,340.222631139,100.94104396,238.908060828,0.373526350464
piControl,6,286.9253612,340.222631139,101.192625251,238.842909909,0.187095979414
piControl,7,286.953286631,340.238588494,101.520783058,239.291206805,-0.573401369454
piControl,8,286.622878374,340.222631139,100.422709978,239.258879409,0.541041751959
piControl,9,286.625647584,340.222631139,100.45158537,238.9783994,0.792646369788
piControl,10,286.690620364,340.222631139,100.370739085,239.048155585,0.803736468678
piControl,11,286.660070727,340.238588494,100.577560532,238.989622055,0.671405906942
piControl,12,286.804280045,340.222631139,100.917101713,239.100871831,0.204657595001
piControl,13,286.873870941,340.222631139,101.240385568,238.997930014,-0.0156844426147
piControl,14,286.694922991,340.222631139,101.105436881,239.141227444,-0.0240331861659
piControl,15,286.625101037,340.238588494,100.672906156,238.556939459,1.00874287918
piControl,16,286.738868229,340.222631139,101.075012377,239.179272562,-0.0316538002076
piControl,17,286.712722096,340.222631139,100.765016901,238.835554523,0.622059714918
piControl,18,286.716642071,340.222631139,101.068104703,239.004996775,0.149529660491
piControl,19,286.67164715,340.238588494,100.961272361,238.833293415,0.444022718264
piControl,20,286.774664343,340.222631139,101.352557952,238.795525589,0.0745475981315
piControl,21,286.73925998,340.222631139,100.913545334,238.960212311,0.348873494694
piControl,22,286.7662402,340.222631139,101.145123903,238.829772143,0.24773509306
piControl,23,286.768356635,340.238588494,100.94497469,238.964412422,0.329201381965
piControl,24,286.642176419,340.222631139,101.007447933,238.8058507,0.409332505942
piControl,25,286.680347167,340.222631139,101.082032718,238.823152742,0.317445678608
piControl,26,286.727593245,340.222631139,100.566535152,239.026154797,0.629941189759
piControl,27,286.700799755,340.238588494,100.649212826,238.762114584,0.82726108361
piControl,28,286.897318903,340.222631139,101.310180713,238.765315902,0.147134524218
piControl,29,286.980109788,340.222631139,101.537550588,239.476175939,-0.791095388068
piControl,30,286.608674455,340.222631139,101.093557367,238.948800903,0.180272869302
piControl,31,286.426610876,340.238588494,100.653961485,238.59569335,0.988933659091
piControl,32,286.480833472,340.222631139,100.665521399,238.746574319,0.810535421549
piControl,33,286.509069742,340.222631139,100.851263452,238.821109797,0.550257889768
piControl,34,286.645495327,340.222631139,100.846398216,238.465925177,0.91030774662
piControl,35,286.77582236,340.238588494,101.180058968,238.976750503,0.0817790229599
piControl,36,286.542475382,340.222631139,101.245847194,238.555465909,0.421318035785
piControl,37,286.505404972,340.222631139,100.988085657,238.822950744,0.411594738101
piControl,38,286.602877737,340.222631139,101.130677101,238.778583564,0.313370474638
piControl,39,286.640180857,340.238588494,101.154223666,238.525964912,0.558399916169
piControl,40,286.758301922,340.222631139,101.298437919,238.77617037,0.148022849139
piControl,41,286.607236423,340.222631139,101.31431878,238.840816541,0.0674958180952
piControl,42,286.537137751,340.222631139,101.128064502,238.571046394,0.523520242256
piControl,43,286.552227726,340.238588494,101.127299717,238.678014561,0.433274216182
piControl,44,286.526986796,340.222631139,101.049868876,238.763716152,0.409046110807
piControl,45,286.394420677,340.222631139,101.078351682,238.462679416,0.681600041087
piControl,46,286.554065168,340.222631139,100.860678325,238.528069825,0.833882988807
piControl,47,286.754473231,340.238588494,101.009587514,238.800812799,0.428188180705
piControl,48,286.726554507,340.222631139,101.286637615,238.858449087,0.0775444375151
piControl,49,286.516077858,340.222631139,100.949085682,238.498019806,0.775525651268
piControl,50,286.790759178,340.222631139,101.208489722,238.911590024,0.102551393377
piControl,51,286.6018891,340.222631139,101.589945793,238.66166257,-0.0289772241934
piControl,52,286.416515894,340.222631139,100.867131444,238.561274511,0.794225183457
piControl,53,286.507366383,340.222631139,101.127395431,238.489387195,0.605848513326
piControl,54,286.58541109,340.222631139,100.944197224,238.717807082,0.560626832505
piControl,55,286.554924752,340.238588494,100.915350341,238.804916796,0.518321357196
piControl,56,286.554510018,340.222631139,100.876462519,238.644588462,0.701580158212
piControl,57,286.652281854,340.222631139,100.637172676,238.725250775,0.860207688149
piControl,58,286.684794578,340.222631139,100.988809905,238.88827945,0.34554178351
piControl,59,286.6187139,340.238588494,100.692860088,238.855445349,0.69028305741
piControl,60,286.687105953,340.222631139,100.584471463,238.967241795,0.670917881528
piControl,61,286.751478938,340.222631139,101.347312367,238.793433122,0.081885650248
piControl,62,286.618043124,340.222631139,101.278664189,238.831682763,0.112284186788
piControl,63,286.538870816,340.238588494,100.946055423,238.853509851,0.439023220368
piControl,64,286.652201761,340.222631139,100.936070056,238.746884128,0.53967695497
piControl,65,286.615079512,340.222631139,100.998958275,238.921296918,0.302375945668
piControl,66,286.601964914,340.222631139,101.062001474,238.880270411,0.280359254397
piControl,67,286.664756837,340.238588494,100.583039492,238.898978229,0.756570773532
piControl,68,286.852805968,340.222631139,101.304607229,239.012770561,-0.0947466513751
piControl,69,286.728546963,340.222631139,101.417953067,238.982652988,-0.177974916598
piControl,70,286.488499424,340.222631139,100.981156594,238.878571137,0.362903408799
piControl,71,286.397449728,340.238588494,100.860025023,238.633063224,0.74550024602
piControl,72,286.679729556,340.222631139,100.773828325,238.769489306,0.67931350825
piControl,73,286.817060181,340.222631139,101.18235625,239.016957151,0.02331773799
piControl,74,286.757494378,340.222631139,101.422791431,238.923381182,-0.123541473427
piControl,75,286.825877414,340.238588494,101.267395083,238.870094658,0.101098753058
piControl,76,286.706165213,340.222631139,101.23982962,239.113946302,-0.131144783096
piControl,77,286.387671546,340.222631139,101.231918902,238.432598311,0.558113926159
piControl,78,286.558335091,340.222631139,100.822628497,238.758595068,0.641407573506
piControl,79,286.661340935,340.238588494,101.425641917,238.652900602,0.160045974563
piControl,80,286.627842217,340.222631139,100.57686247,239.031416849,0.614351820026
piControl,81,286.690479073,340.222631139,101.025177753,238.600490424,0.596962961588
piControl,82,286.897907199,340.222631139,100.931905363,238.972362188,0.318363587873
piControl,83,286.907162932,340.238588494,100.744387165,239.01234348,0.481857849045
piControl,84,286.932176132,340.222631139,101.076225178,239.216762439,-0.07035647814
piControl,85,286.750064026,340.222631139,100.664758693,239.045052936,0.51281950981
piControl,86,286.842369737,340.222631139,100.392358988,239.097107627,0.733164523984
piControl,87,286.781617295,340.238588494,100.64569863,239.082769227,0.510120637667
piControl,88,286.7057013,340.222631139,100.667842869,238.872271818,0.682516451904
piControl,89,286.739212207,340.222631139,101.302247216,238.995499337,-0.0751154135637
piControl,90,286.620485441,340.222631139,100.959684503,238.959680978,0.303265658394
piControl,91,286.630644272,340.238588494,100.565450566,239.02057231,0.652565617555
piControl,92,286.779651259,340.222631139,101.266558966,238.768257479,0.187814694299
piControl,93,286.557841467,340.222631139,101.055408095,238.844668824,0.322554220233
piControl,94,286.651035505,340.222631139,100.916347431,238.816910323,0.489373384264
piControl,95,286.649707006,340.238588494,100.742147035,238.768505667,0.727935791871
piControl,96,286.523056452,340.222631139,101.360316123,238.617861106,0.244453909998
piControl,97,286.581598996,340.222631139,101.477281533,238.580288302,0.165061303887
piControl,98,286.562656581,340.222631139,100.986556368,238.658965712,0.57710905915
piControl,99,286.478794491,340.238588494,101.078052039,238.774923462,0.385612992957
piControl,100,286.575985354,340.222631139,100.709160425,238.437455572,1.076015142
piControl,101,286.669414742,340.222631139,101.390400364,238.524855741,0.307375033941
piControl,102,286.677833551,340.222631139,101.034052045,238.916470913,0.272108181206
piControl,103,286.735064698,340.238588494,100.529353546,239.06210986,0.647125087813
piControl,104,286.759457428,340.222631139,100.919716986,238.717566739,0.585347414209
piControl,105,286.817383186,340.222631139,100.785231998,239.272961805,0.164437336134
piControl,106,286.708917324,340.222631139,101.10581347,239.038383499,0.0784341696944
piControl,107,286.664926464,340.238588494,101.047005893,238.954448039,0.237134562153
piControl,108,286.622679191,340.222631139,100.765700524,238.813138698,0.643791917138
piControl,109,286.666412017,340.222631139,101.185836932,238.797931893,0.238862313436
piControl,110,286.445580066,340.222631139,100.922082831,238.71779257,0.582755738359
piControl,111,286.628674767,340.238588494,100.363534985,238.658017085,1.21703642446
piControl,112,286.83186452,340.222631139,100.753483219,239.012541991,0.456605929144
piControl,113,286.815039089,340.222631139,100.728596958,239.255945282,0.238088898545
piControl,114,286.712799089,340.222631139,101.292992747,238.751193582,0.178444809361
piControl,115,286.620049534,340.238588494,100.918207857,239.021129218,0.299251419848
piControl,116,286.705647018,340.222631139,100.861162909,238.992030458,0.369437771787
piControl,117,286.681267957,340.222631139,100.85060458,238.903412842,0.468613716779
piControl,118,286.663120759,340.222631139,100.920006514,238.791500075,0.511124550002
piControl,119,286.541810311,340.238588494,101.066592829,238.951882714,0.220112950313
piControl,120,286.445975568,340.222631139,100.745562118,238.698659036,0.778409985321
piControl,121,286.45901476,340.222631139,100.882231006,238.506637391,0.833762742343
piControl,122,286.649912582,340.222631139,100.912982909,238.608751324,0.700896905299
piControl,123,286.753152041,340.238588494,100.763775993,239.136557708,0.338254793373
piControl,124,286.674929644,340.222631139,100.821704168,238.977510377,0.423416593972
piControl,125,286.718665958,340.222631139,100.991201889,238.698373312,0.533055937438
piControl,126,286.871711394,340.222631139,101.040433119,238.802019152,0.380178868067
piControl,127,286.931821452,340.238588494,101.555737786,239.204908865,-0.522058157127
piControl,128,286.756214587,340.222631139,101.152177846,239.128705426,-0.0582521326957
piControl,129,286.546309718,340.222631139,100.651609242,238.828645709,0.742376187966
piControl,130,286.533446423,340.222631139,100.870588849,238.554030753,0.798011537281
piControl,131,286.668941093,340.238588494,101.000570252,238.791765636,0.446252605099
piControl,132,286.735200626,340.222631139,100.886251316,238.732813623,0.603566199901
piControl,133,286.903198451,340.222631139,101.279099326,238.821909108,0.121622705572
piControl,134,286.782719795,340.222631139,101.246105204,239.204851875,-0.228325940833
piControl,135,286.618194426,340.238588494,100.636100285,238.881918102,0.720570107434
piControl,136,286.556361143,340.222631139,100.752398741,238.718605803,0.751626595338
piControl,137,286.801464191,340.222631139,100.945802235,238.925438716,0.351390187411
piControl,138,286.720484141,340.222631139,101.180150878,238.811640308,0.230839952608
piControl,139,286.731620506,340.238588494,101.037767396,238.762815634,0.438005463576
piControl,140,286.746487753,340.222631139,101.207810457,238.820206588,0.194614094024
piControl,141,286.568520591,340.222631139,101.296965616,238.849326323,0.0763392001137
piControl,142,286.542052061,340.222631139,100.677767293,238.724063483,0.820800362728
piControl,143,286.621976254,340.238588494,100.906510267,238.706505262,0.625572964859
piControl,144,286.784365596,340.222631139,100.877368869,238.961272333,0.383989937153
piControl,145,286.643982024,340.222631139,100.809398411,238.873337164,0.53989556414
piControl,146,286.701202123,340.222631139,101.030525641,238.595846277,0.596259220978
piControl,147,286.772367876,340.238588494,100.950617922,239.024450954,0.263519617542
piControl,148,286.560925009,340.222631139,100.854843591,238.699701318,0.668086229572
piControl,149,286.67110283,340.222631139,100.730404221,238.855372214,0.636854703676
piControl,150,286.478607209,340.222631139,100.508166443,238.742166794,0.972297902189
abrupt-4xCO2,1,287.901240995,340.222631139,98.4072499394,233.78118333,8.03419786956
abrupt-4xCO2,2,288.636054187,340.222631139,99.2104918004,234.525742389,6.48639694987
abrupt-4xCO2,3,289.061518759,340.238588494,99.4360990205,235.291389814,5.51109965982
abrupt-4xCO2,4,289.420799006,340.222631139,99.3152387597,235.929677414,4.97771496552
abrupt-4xCO2,5,289.557300446,340.222631139,99.2888911814,236.285035759,4.64870419838
abrupt-4xCO2,6,289.819707884,340.222631139,99.091237323,236.500505686,4.63088812986
abrupt-4xCO2,7,289.872184012,340.238588494,99.1790104791,236.619790412,4.43978760298
abrupt-4xCO2,8,290.078110126,340.222631139,99.3690590187,236.89038771,3.96318441044
abrupt-4xCO2,9,290.077112636,340.222631139,99.2402371374,236.925193195,4.05720080647
abrupt-4xCO2,10,290.209310184,340.222631139,99.2434711473,236.880233998,4.09892599365
abrupt-4xCO2,11,290.472420895,340.238588494,99.4023106229,237.294303471,3.5419744002
abrupt-4xCO2,12,290.537963937,340.222631139,99.3116487986,237.365039154,3.54594318628
abrupt-4xCO2,13,290.519033991,340.222631139,99.3388164383,237.443665931,3.44014876928
abrupt-4xCO2,14,290.426403164,340.222631139,99.6442550611,237.417933979,3.16044209851
abrupt-4xCO2,15,290.371886325,340.238588494,99.274910617,237.275453424,3.68822445312
abrupt-4xCO2,16,290.468878372,340.222631139,99.3576766146,237.38174898,3.48320554433
abrupt-4xCO2,17,290.529040501,340.222631139,99.6259027963,237.42243976,3.17428858302
abrupt-4xCO2,18,290.620388049,340.222631139,99.5117986399,237.491586769,3.21924573046
abrupt-4xCO2,19,290.553848891,340.238588494,99.7673778263,237.34422566,3.12698500714
abrupt-4xCO2,20,290.619144622,340.222631139,99.8058927374,237.241254287,3.17548411416
abrupt-4xCO2,21,290.772814948,340.222631139,99.7496340741,237.594539769,2.87845729581
abrupt-4xCO2,22,290.60691754,340.222631139,99.4899428568,237.732207162,3.00048112002
abrupt-4xCO2,23,290.597175395,340.238588494,99.1129884325,237.695961693,3.4296383687
abrupt-4xCO2,24,290.618411737,340.222631139,99.1384300143,237.587413047,3.49678807803
abrupt-4xCO2,25,290.817818419,340.222631139,99.7314893065,237.706520807,2.78462102532
abrupt-4xCO2,26,290.841799584,340.222631139,99.4563092205,237.720848267,3.04547365189
abrupt-4xCO2,27,290.744927465,340.238588494,99.9010210499,237.552518443,2.78504900121
abrupt-4xCO2,28,290.892014062,340.222631139,99.4669110904,237.754335566,3.00138448225
abrupt-4xCO2,29,290.839740192,340.222631139,99.4042780182,237.857816738,2.96053638294
abrupt-4xCO2,30,290.877915866,340.222631139,99.2420086174,237.976246919,3.00437560273
abrupt-4xCO2,31,290.866987997,340.238588494,99.535235692,238.166496262,2.53685653951
abrupt-4xCO2,32,291.034208869,340.222631139,99.8896504035,237.748846055,2.58413468032
abrupt-4xCO2,33,291.075852752,340.222631139,99.8964621325,238.09378176,2.23238724608
abrupt-4xCO2,34,290.702907413,340.222631139,99.2128980995,237.894215751,3.11551728882
abrupt-4xCO2,35,290.794805444,340.238588494,99.2759778062,237.738341145,3.22426954226
abrupt-4xCO2,36,290.935758168,340.222631139,99.1780152622,237.699670647,3.3449452298
abrupt-4xCO2,37,291.256747032,340.222631139,99.9328673719,237.830652031,2.45911173656
abrupt-4xCO2,38,291.157352185,340.222631139,99.9230087829,238.059425444,2.24019691258
abrupt-4xCO2,39,291.085144149,340.238588494,99.1987584101,238.128133369,2.91169671457
abrupt-4xCO2,40,291.138262554,340.222631139,99.3971572133,238.325672707,2.4998012185
abrupt-4xCO2,41,290.986077395,340.222631139,99.4916426392,238.055222402,2.67576609801
abrupt-4xCO2,42,290.900119837,340.222631139,99.3313955812,237.897710858,2.99352470011
abrupt-4xCO2,43,290.921592049,340.238588494,99.2919422747,238.044008404,2.90263781527
abrupt-4xCO2,44,291.055677516,340.222631139,98.8775086188,238.081588975,3.26353354478
abrupt-4xCO2,45,291.104111843,340.222631139,99.4720313672,238.167748163,2.58285160875
abrupt-4xCO2,46,291.231758989,340.222631139,99.5944438271,238.229211883,2.39897542902
abrupt-4xCO2,47,291.212263872,340.238588494,99.3741669944,238.410459235,2.45396226486
abrupt-4xCO2,48,291.241890663,340.222631139,99.3750864483,238.327529394,2.52001529632
abrupt-4xCO2,49,291.095195125,340.222631139,99.657496479,238.121711282,2.44342337764
abrupt-4xCO2,50,291.105533781,340.222631139,99.2836533515,238.147821727,2.79115606039
abrupt-4xCO2,51,291.04466017,340.222631139,99.4066485047,238.258135969,2.55784666543
abrupt-4xCO2,52,291.095622806,340.222631139,99.5362320395,238.144076282,2.54232281706
abrupt-4xCO2,53,291.351909948,340.222631139,99.8379763522,238.104540326,2.28011446038
abrupt-4xCO2,54,291.268958804,340.222631139,99.7083356013,238.309567604,2.20472793393
abrupt-4xCO2,55,291.166673217,340.238588494,99.4963420608,238.219656605,2.52258982846
abrupt-4xCO2,56,291.08668158,340.222631139,99.4087396521,238.213987219,2.59990426785
abrupt-4xCO2,57,291.030764848,340.222631139,99.3338245933,238.134061839,2.75474470662
abrupt-4xCO2,58,290.906530694,340.222631139,99.1133392996,238.184151425,2.92514041407
abrupt-4xCO2,59,290.952443524,340.238588494,99.5139165732,237.775661573,2.94901034816
abrupt-4xCO2,60,291.194758073,340.222631139,99.5124346109,238.043727806,2.66646872256
abrupt-4xCO2,61,291.316771184,340.222631139,99.9332324749,237.996297683,2.2931009808
abrupt-4xCO2,62,291.280086148,340.222631139,99.96974008,238.212184982,2.04070607725
abrupt-4xCO2,63,291.352094416,340.238588494,99.937359659,238.257938994,2.04328984083
abrupt-4xCO2,64,291.183542897,340.222631139,99.230433961,238.238500544,2.75369663351
abrupt-4xCO2,65,291.101527119,340.222631139,99.1369365412,238.333455929,2.75223866857
abrupt-4xCO2,66,291.12631125,340.222631139,99.2176099355,238.368514007,2.63650719626
abrupt-4xCO2,67,291.257506965,340.238588494,99.4115307721,238.400572969,2.42648475253
abrupt-4xCO2,68,291.194747081,340.222631139,99.4529009686,238.290865956,2.47886421438
abrupt-4xCO2,69,291.133466809,340.222631139,99.1612313426,238.120750188,2.94064960828
abrupt-4xCO2,70,291.262136629,340.222631139,99.551079017,238.269430466,2.40212165611
abrupt-4xCO2,71,291.267225795,340.238588494,99.3926968403,238.54504043,2.30085122327
abrupt-4xCO2,72,291.128602983,340.222631139,99.1437513621,238.359666618,2.71921315914
abrupt-4xCO2,73,291.093985114,340.222631139,99.6946137047,238.371291785,2.15672564976
abrupt-4xCO2,74,291.167588401,340.222631139,99.5551706362,238.011784492,2.65567601109
abrupt-4xCO2,75,291.430401747,340.238588494,99.9040081875,238.289205283,2.04537502321
abrupt-4xCO2,76,291.278709568,340.222631139,100.035273905,238.284809338,1.90254789549
abrupt-4xCO2,77,291.135762149,340.222631139,99.3511005129,238.490634391,2.38089623497
abrupt-4xCO2,78,291.060726994,340.222631139,99.7098911622,237.97524236,2.53749761658
abrupt-4xCO2,79,290.982790087,340.238588494,99.2864911948,238.168837948,2.7832593513
abrupt-4xCO2,80,291.230521576,340.222631139,99.6611623242,237.969086245,2.59238256937
abrupt-4xCO2,81,291.292547521,340.222631139,99.9620060684,238.150479789,2.11014528174
abrupt-4xCO2,82,291.277780418,340.222631139,99.7798149408,237.925688769,2.51712742956
abrupt-4xCO2,83,291.418035796,340.238588494,99.5912865757,238.209251664,2.43805025431
abrupt-4xCO2,84,291.438514068,340.222631139,99.8094367237,238.359554293,2.0536401222
abrupt-4xCO2,85,291.325335896,340.222631139,99.8971545745,238.118732858,2.20674370697
abrupt-4xCO2,86,291.285527434,340.222631139,99.1529553217,238.632767053,2.43690876412
abrupt-4xCO2,87,291.228297567,340.238588494,99.0870553755,238.34789889,2.80363422827
abrupt-4xCO2,88,291.398987395,340.222631139,99.5669974657,238.434176839,2.22145683457
abrupt-4xCO2,89,291.23866755,340.222631139,99.3435846009,238.244326722,2.63471981568
abrupt-4xCO2,90,291.358211735,340.222631139,99.3536813435,238.50972352,2.35922627548
abrupt-4xCO2,91,291.409427123,340.238588494,99.6673822933,238.607250042,1.96395615867
abrupt-4xCO2,92,291.328624199,340.222631139,99.3902813185,238.446870106,2.38547971489
abrupt-4xCO2,93,291.356592658,340.222631139,99.2488470608,238.538538128,2.43524595055
abrupt-4xCO2,94,291.271098009,340.222631139,99.0664502879,238.812007016,2.34417383486
abrupt-4xCO2,95,291.262100982,340.238588494,99.092462306,238.633583676,2.51254251208
abrupt-4xCO2,96,291.388562246,340.222631139,99.2469421327,238.368785991,2.60690301572
abrupt-4xCO2,97,291.527930991,340.222631139,99.7189055336,238.463913388,2.0398122173
abrupt-4xCO2,98,291.6160686,340.222631139,99.4005999815,238.664760123,2.15727103426
abrupt-4xCO2,99,291.426006587,340.238588494,99.5667777512,238.679310207,1.99250053554
abrupt-4xCO2,100,291.338882231,340.222631139,99.2896558929,238.621049287,2.31192595878
abrupt-4xCO2,101,291.323847788,340.222631139,99.1509180055,238.568629447,2.50308368621
abrupt-4xCO2,102,291.411483172,340.222631139,99.2202578196,238.692862516,2.30951080299
abrupt-4xCO2,103,291.474448138,340.238588494,99.4565907884,238.458769618,2.32322808715
abrupt-4xCO2,104,291.352739082,340.222631139,99.4587929092,238.430396061,2.33344216916
abrupt-4xCO2,105,291.470829789,340.222631139,99.1361448446,238.490719517,2.59576677776
abrupt-4xCO2,106,291.569745944,340.222631139,99.6633971714,238.56355012,1.99568384736
abrupt-4xCO2,107,291.639372468,340.238588494,99.4467997389,238.446645154,2.34514360079
abrupt-4xCO2,108,291.820539046,340.222631139,99.3350671759,239.043388611,1.84417535245
abrupt-4xCO2,109,291.594947499,340.222631139,99.5209842756,238.870485487,1.83116137645
abrupt-4xCO2,110,291.509284887,340.222631139,99.26600593,238.872381724,2.08424348535
abrupt-4xCO2,111,291.377001311,340.238588494,99.458656145,238.604248318,2.17568403069
abrupt-4xCO2,112,291.398472142,340.222631139,99.2158831947,238.629098288,2.37764965669
abrupt-4xCO2,113,291.412138379,340.222631139,99.5222317124,238.550977154,2.14942227242
abrupt-4xCO2,114,291.568515802,340.222631139,99.5279204488,238.572727373,2.12198331684
abrupt-4xCO2,115,291.486248515,340.238588494,99.2262016699,238.540818119,2.47156870543
abrupt-4xCO2,116,291.559463907,340.222631139,99.9469172402,238.619316664,1.65639723498
abrupt-4xCO2,117,291.335494999,340.222631139,99.4900583985,238.579802913,2.15276982795
abrupt-4xCO2,118,291.436544451,340.222631139,99.3405958588,238.545005299,2.3370299814
abrupt-4xCO2,119,291.546246985,340.238588494,99.6404618233,238.474062341,2.1240643294
abrupt-4xCO2,120,291.529654082,340.222631139,99.4634122892,238.748915078,2.01030377213
abrupt-4xCO2,121,291.50317425,340.222631139,99.1475858442,238.993778971,2.08126632373
abrupt-4xCO2,122,291.576789668,340.222631139,99.292296359,238.562824086,2.36751069445
abrupt-4xCO2,123,291.574088397,340.238588494,99.8249837613,238.737425371,1.67617936174
abrupt-4xCO2,124,291.498178144,340.222631139,99.3507900004,238.64872283,2.2231183086
abrupt-4xCO2,125,291.628315943,340.222631139,99.1433311316,238.796469378,2.28283062987
abrupt-4xCO2,126,291.604941388,340.222631139,99.3708581571,238.852551322,1.99922166023
abrupt-4xCO2,127,291.387135405,340.238588494,99.1798861234,238.906781169,2.15192120175
abrupt-4xCO2,128,291.423796751,340.222631139,99.1666974443,238.472741619,2.58319207554
abrupt-4xCO2,129,291.656071475,340.222631139,99.2192085457,238.896294384,2.10712820903
abrupt-4xCO2,130,291.62184454,340.222631139,99.1422286429,238.972679886,2.10772261023
abrupt-4xCO2,131,291.617207218,340.238588494,98.973868944,239.126064777,2.13865477242
abrupt-4xCO2,132,291.651910464,340.222631139,99.2055016252,238.852866317,2.16426319691
abrupt-4xCO2,133,291.540459272,340.222631139,99.1935569569,238.69990675,2.32916743196
abrupt-4xCO2,134,291.737867189,340.222631139,99.7158965952,238.855563543,1.65117100093
abrupt-4xCO2,135,291.774682096,340.238588494,99.4802538932,238.926680181,1.8316544199
abrupt-4xCO2,136,291.487511136,340.222631139,99.332784377,238.921489809,1.96835695326
abrupt-4xCO2,137,291.371658985,340.222631139,98.924078276,238.638230499,2.66032236431
abrupt-4xCO2,138,291.696808312,340.222631139,99.246188654,238.814696768,2.16174571742
abrupt-4xCO2,139,291.696855771,340.238588494,99.6578291302,238.879326202,1.70143316141
abrupt-4xCO2,140,291.568107875,340.222631139,99.1016088905,238.892483517,2.22853873131
abrupt-4xCO2,141,291.647991964,340.222631139,99.0514517418,238.907831157,2.26334824049
abrupt-4xCO2,142,291.70295796,340.222631139,99.6078472795,238.809762004,1.80502185524
abrupt-4xCO2,143,291.787771676,340.238588494,99.4898858622,238.603235367,2.14546726446
abrupt-4xCO2,144,292.030553659,340.222631139,99.6355425414,239.212393007,1.37469559074
abrupt-4xCO2,145,291.960420949,340.222631139,99.660873943,239.241174963,1.3205822329
abrupt-4xCO2,146,291.617145134,340.222631139,99.6953427776,238.996973125,1.53031523638
abrupt-4xCO2,147,291.369927197,340.238588494,99.2813407342,238.732944149,2.2243036105
abrupt-4xCO2,148,291.60180727,340.222631139,99.2624005844,238.513871495,2.44635905921
abrupt-4xCO2,149,291.672843712,340.222631139,99.712028958,238.844851546,1.66575063474
abrupt-4xCO2,150,291.511469721,340.222631139,99.1614038745,238.622628303,2.43859896138
